{"n_layers": 1, "embeddings": [[[0.5578423142433167, 0.12654082477092743], [0.30950412154197693, 0.7086326479911804], [0.5905736684799194, -0.30904239416122437], [0.3004443347454071, -0.04786335304379463], [-0.032640665769577026, 0.12984265387058258], [0.04555057734251022, 0.45988166332244873], [0.24066126346588135, 0.03847701847553253], [0.14036187529563904, 0.10551708936691284], [0.472469300031662, -0.0648767426609993], [0.09900069981813431, -0.270088791847229], [-0.8073262572288513, 0.20669235289096832], [0.2733587324619293, -0.23469318449497223], [0.7177594304084778, -0.4599108099937439], [0.014470113441348076, -0.059192731976509094], [0.4847073554992676, 0.46465203166007996], [0.04899867996573448, 0.11958549171686172], [-0.28074249625205994, -0.6263828277587891], [-0.11001948267221451, 0.04944188520312309], [0.38905206322669983, 0.38022589683532715], [-0.12248349189758301, -0.09559652209281921], [-0.33158156275749207, -0.44904908537864685], [-0.5395700335502625, 0.6168893575668335], [-0.16116617619991302, -0.13853125274181366], [-0.39616867899894714, 0.24586403369903564], [-0.5103592872619629, -0.06727438420057297], [-0.2831713855266571, 0.122349314391613], [-0.1615307629108429, -0.3733486831188202], [-0.00891200266778469, 0.13545043766498566], [0.021034592762589455, 0.09565000981092453], [-0.20059025287628174, -0.11470882594585419], [-0.21265067160129547, -0.11370069533586502], [-0.2571394443511963, -0.5458984971046448], [0.05610707402229309, -0.12705428898334503], [-0.5155139565467834, 0.1463446021080017], [-0.2869129478931427, 0.016426576301455498], [0.23055867850780487, 0.04078797623515129], [0.3603101372718811, -0.3904862105846405], [0.12723159790039062, -0.21655596792697906], [-0.2753702402114868, -0.1830483376979828], [-0.09852156043052673, 0.01776104047894478], [-0.3684527277946472, 0.2848663330078125], [0.14725539088249207, -0.48580291867256165], [0.4706266522407532, 0.5995327830314636], [0.3727628290653229, -0.056897230446338654], [-0.3386017084121704, 0.3334469199180603], [-0.12749575078487396, 0.38657107949256897], [0.06586232781410217, 0.30884039402008057], [0.1126929521560669, 0.2234380543231964], [0.0033203980419784784, 0.564741849899292], [0.04013312608003616, 0.12712019681930542], [0.5955045223236084, -0.4261988401412964], [-0.40176263451576233, 0.30655014514923096], [-0.37097418308258057, 0.6146270036697388], [-0.13079780340194702, -0.23636595904827118], [0.6080876588821411, 0.4681798815727234], [0.5905740261077881, 0.2865164875984192], [-0.2723434865474701, 0.604015588760376], [-0.08475010842084885, 0.2537589967250824], [0.29954737424850464, -0.049018494784832], [0.1941889524459839, 0.29162734746932983], [0.11903620511293411, -0.3476610481739044], [0.0943111926317215, 0.41944006085395813], [-0.21964164078235626, -0.04731859639286995], [-0.1376076340675354, 0.5847885608673096], [0.2125982642173767, 0.12885074317455292], [-0.24346883594989777, 0.17052556574344635], [-0.21324270963668823, 0.010065706446766853], [-0.20107218623161316, 0.21390698850154877], [0.1823340207338333, -0.06586985290050507], [0.12522831559181213, -0.3456563949584961], [-0.4715770483016968, 0.13894785940647125], [0.05270678550004959, 0.20081457495689392], [0.7536165714263916, 0.2986706495285034], [-0.2886597216129303, 0.3532315790653229], [-0.41612645983695984, -0.14596587419509888], [-0.021579889580607414, 0.5418065190315247], [-0.2355121523141861, -0.2613428235054016], [-0.031133422628045082, -0.2098102569580078], [0.3562735617160797, -0.3415043354034424], [-0.3628614544868469, -0.13845086097717285], [-0.15749168395996094, 0.6101716160774231], [0.30023321509361267, 0.027686133980751038], [-0.38751673698425293, 0.26701101660728455], [-0.316295862197876, -0.4884995222091675], [0.37568801641464233, 0.10022605210542679], [0.291201114654541, 0.10079053044319153], [0.27095362544059753, -0.20587237179279327], [-0.32705628871917725, 0.2155391126871109], [-0.25406044721603394, -0.21805478632450104], [-0.14405202865600586, 0.005527395289391279], [-0.11194270104169846, -0.4347977638244629], [-0.20353001356124878, -0.7031018137931824], [0.19771555066108704, -0.5066151022911072], [-0.3492366671562195, 0.016496047377586365], [-0.23387035727500916, 0.4879440665245056], [-0.4088372588157654, 0.08444889634847641], [-0.012422317638993263, -0.3693836033344269], [0.16547460854053497, -0.05424771457910538], [0.24406160414218903, 0.26041486859321594], [0.6840752959251404, 0.42264723777770996]], [[-0.12307488918304443, 0.9302651882171631], [-0.6661297082901001, 1.2552177906036377], [0.15943467617034912, 0.5971099138259888], [-0.22880205512046814, 0.6378744840621948], [-0.6027264595031738, 0.5858592391014099], [-0.7334604859352112, 0.898826003074646], [-0.3279171586036682, 0.6725857257843018], [-0.4484662413597107, 0.6678677797317505], [-0.07963070273399353, 0.7252241373062134], [-0.26115256547927856, 0.33968472480773926], [-1.274631381034851, 0.19268319010734558], [-0.1408989429473877, 0.47080543637275696], [0.3510083556175232, 0.5498127341270447], [-0.45350080728530884, 0.46061739325523376], [-0.38097912073135376, 1.1608152389526367], [-0.5306498408317566, 0.6255474090576172], [-0.35894685983657837, -0.1717706322669983], [-0.6180688142776489, 0.47533148527145386], [-0.40874141454696655, 1.0362882614135742], [-0.5429009795188904, 0.3506667912006378], [-0.504310667514801, -0.058187127113342285], [-1.2991197109222412, 0.6819226741790771], [-0.5489595532417297, 0.2931947708129883], [-0.9650224447250366, 0.4660460948944092], [-0.8733464479446411, 0.14559221267700195], [-0.8010056018829346, 0.4325387179851532], [-0.4112322926521301, 0.1030091643333435], [-0.5868257284164429, 0.6043433547019958], [-0.5392042994499207, 0.5897462964057922], [-0.5948567986488342, 0.28929460048675537], [-0.6052064299583435, 0.2830212712287903], [-0.3871591091156006, -0.09278392791748047], [-0.37992778420448303, 0.430189847946167], [-1.0030786991119385, 0.31538376212120056], [-0.7417727708816528, 0.3446461856365204], [-0.3374486565589905, 0.6685171127319336], [0.021019041538238525, 0.3958750069141388], [-0.2697790861129761, 0.39958739280700684], [-0.6151860952377319, 0.19005221128463745], [-0.5901452898979187, 0.4564594626426697], [-0.9655247926712036, 0.5138906240463257], [-0.09532010555267334, 0.19353172183036804], [-0.471651554107666, 1.2616596221923828], [-0.16498517990112305, 0.6730736494064331], [-0.9699296951293945, 0.5707391500473022], [-0.8303669691085815, 0.7378024458885193], [-0.6282480955123901, 0.7885700464248657], [-0.5401630997657776, 0.7470044493675232], [-0.8292607069015503, 0.9588374495506287], [-0.5422509908676147, 0.6264320611953735], [0.23228669166564941, 0.5052266716957092], [-1.005218505859375, 0.5118541121482849], [-1.161393165588379, 0.7791905403137207], [-0.46688520908355713, 0.23189491033554077], [-0.28323596715927124, 1.2361904382705688], [-0.19062572717666626, 1.0789273977279663], [-1.075361967086792, 0.8285794258117676], [-0.717720091342926, 0.6554805040359497], [-0.22884872555732727, 0.6364127397537231], [-0.5143120884895325, 0.8500728607177734], [-0.19934764504432678, 0.2887040376663208], [-0.6702412962913513, 0.8947688341140747], [-0.6498806476593018, 0.33261632919311523], [-0.9550570249557495, 0.892220139503479], [-0.40374094247817993, 0.729204535484314], [-0.7972028255462646, 0.49485069513320923], [-0.6784334182739258, 0.38280239701271057], [-0.7884021997451782, 0.554867148399353], [-0.3137713670730591, 0.55388343334198], [-0.195516437292099, 0.2939654588699341], [-0.9631853699684143, 0.3352251648902893], [-0.5753951668739319, 0.693442702293396], [-0.06586554646492004, 1.1845943927764893], [-0.941154956817627, 0.6161004304885864], [-0.7508567571640015, 0.13731813430786133], [-0.8359243869781494, 0.9256463050842285], [-0.536919891834259, 0.15013864636421204], [-0.40186411142349243, 0.3119601607322693], [-0.01103740930557251, 0.43312951922416687], [-0.7121817469596863, 0.17470628023147583], [-0.9860633611679077, 0.9010679125785828], [-0.27337974309921265, 